{
    "scale_results": [
        {
            "radius": 11.4333,
            "g2_stat": {
                "authentic": 0.2558615761596386,
                "null_mean": 0.09770184168151654,
                "null_sigma": 0.056534214752349043,
                "z_score": 2.797593195040361
            },
            "g4_stat": {
                "authentic": 0.17310493392219323,
                "null_mean": 0.08939143223347998,
                "null_sigma": 0.053737441860278415,
                "z_score": 1.5578244663446197
            }
        },
        {
            "radius": 24.6323,
            "g2_stat": {
                "authentic": 0.2556234945054958,
                "null_mean": 0.09749721149206081,
                "null_sigma": 0.05642529721886503,
                "z_score": 2.8024005332233792
            },
            "g4_stat": {
                "authentic": 0.17280906918671407,
                "null_mean": 0.08919793441824302,
                "null_sigma": 0.053641214604864214,
                "z_score": 1.5587106925966057
            }
        },
        {
            "radius": 53.0687,
            "g2_stat": {
                "authentic": 0.25557222800145224,
                "null_mean": 0.09745263849267079,
                "null_sigma": 0.056401353713275586,
                "z_score": 2.8034715321303314
            },
            "g4_stat": {
                "authentic": 0.17274414210926248,
                "null_mean": 0.08915548346184432,
                "null_sigma": 0.05362013217074687,
                "z_score": 1.5589043753424574
            }
        },
        {
            "radius": 114.333,
            "g2_stat": {
                "authentic": 0.25556118573815406,
                "null_mean": 0.09744301321021905,
                "null_sigma": 0.05639617230413194,
                "z_score": 2.803703976135811
            },
            "g4_stat": {
                "authentic": 0.17273009745921886,
                "null_mean": 0.08914630130609075,
                "null_sigma": 0.0536155734523482,
                "z_score": 1.5589462309381938
            }
        }
    ]
}