{
    "metadata": {
        "sample_size": 8000,
        "file": "data/rauzy_points.npy"
    },
    "performance": {
        "execution_seconds": 0.03423619270324707
    },
    "results": {
        "angles": [
            0.0,
            45.0,
            90.0,
            135.0
        ],
        "widths": [
            0.06706499038537994,
            0.09515637745039685,
            0.0929283957805126,
            0.06495270194334912
        ]
    }
}