{
    "disk_control": {
        "g2": 0.17271565005292228,
        "g4": 0.18093632727392833
    },
    "line_control": {
        "g2": 0.10795839297425697,
        "g4": 0.24543847307133346
    }
}