{
    "spatial_radius": 57.16650507310958,
    "tracked_pairs": 186982,
    "tensor_matrix": [
        [
            182.23501592827174,
            405.0522923049186
        ],
        [
            405.0522923049186,
            902.1471869854253
        ]
    ],
    "eigenvalues": [
        0.3094326300415617,
        1084.0727702836552
    ],
    "anisotropy_ratio": 3503.420987431245
}