{"beta": 1.8392867552141616, "r": 0.7373527057603275, "theta": 2.1762335454918706, "omega": 3.5712382678640027, "gamma_algebraic": 0.5000000000000001, "v_beta": [0.5436890126920765, 0.2955977425220847, 0.16071324478583884], "evals": [1.8392867552141616, -0.4196433776070806, -0.4196433776070806]}